epoch,loss,avg_acc,ci_95
1,1.1594679638147354,54.954668212890624,0.4363536931817332
2,1.0094211370646953,61.93333515548706,0.4442455380842024
